_id,syllabus,title,mainTopic,difficulty,category,resourceUrls[0],timestamps,isCompleted,updatedAt
66f300bd3971ea5fc6a94620,WEB3,HTML,Foundations,Easy,Web Dev,https://nextjs.org/learn,,TRUE,2024-09-25T17:23:01.671Z
66f300bd3971ea5fc6a94621,WEB3,CSS,Foundations,Easy,Web Dev,,,TRUE,2024-09-29T17:39:20.027Z
66f300bd3971ea5fc6a94622,WEB3,"Bash basics (cd, ls, pwd, mkdir, touch, vi)",Foundations,Easy,Web Dev,,,FALSE,2024-12-05T11:42:03.622Z
66f300bd3971ea5fc6a94623,WEB3,"Bash medium (grep, piping, reverse search)",Foundations,Medium,Web Dev,,,FALSE,
66f300bd3971ea5fc6a94624,WEB3,Git/Github,Foundations,Easy,Web Dev,,,FALSE,
66f300bd3971ea5fc6a94625,WEB3,"JS Intro, Single threaded nature of JS",Foundations,Easy,Web Dev,,,FALSE,
66f300bd3971ea5fc6a94626,WEB3,"Async JS, callback queue, event loop",Foundations,Medium,Web Dev,,,FALSE,
66f300bd3971ea5fc6a94627,WEB3,"Creating promises, Common Promise API methods",Foundations,Hard,Web Dev,,,FALSE,
66f300bd3971ea5fc6a94628,WEB3,"Common JS APIs (map, filter, reduce, Object.keys)",Foundations,Medium,Web Dev,,,FALSE,
66f300bd3971ea5fc6a94629,WEB3,"Intro to DOM, DOM Tree Structure","Simple frontend, DOM",Easy,Frontend,,,FALSE,
66f300bd3971ea5fc6a9462a,WEB3,"Common DOM APIs (getElementById, getElementsByClassName, querySelector, innerHTML, innerText, getAttribute, setAttribute)","Simple frontend, DOM",Medium,Frontend,,,FALSE,
66f300bd3971ea5fc6a9462b,WEB3,"Event handlers, onClick, stopPropagation","Simple frontend, DOM",Medium,Frontend,,,FALSE,
66f300bd3971ea5fc6a9462c,WEB3,localStorage,"Simple frontend, DOM",Medium,Frontend,,,FALSE,2024-09-29T06:43:21.171Z
66f300bd3971ea5fc6a9462d,WEB3,"DOM Manipulation, Dynamic frontends","Simple frontend, DOM",Hard,Frontend,,,FALSE,
66f300bd3971ea5fc6a9462e,WEB3,"Creating a simple reconciler, Foundation for React","Simple frontend, DOM",Hard,Frontend,,,FALSE,
66f300bd3971ea5fc6a9462f,WEB3,Pure frontend TODO app using DOM Manipulation,Project,Hard,Project,,,FALSE,
66f300bd3971ea5fc6a94630,WEB3,What is a JS runtime,Node.js/Bun/Cloudflare Runtime,Easy,Backend,,,FALSE,
66f300bd3971ea5fc6a94631,WEB3,"Node.js installation, common APIs",Node.js/Bun/Cloudflare Runtime,Easy,Backend,,,FALSE,
66f300bd3971ea5fc6a94632,WEB3,"file system api, fetch",Node.js/Bun/Cloudflare Runtime,Medium,Backend,,,FALSE,
66f300bd3971ea5fc6a94633,WEB3,"External packages, axios vs fetch",Node.js/Bun/Cloudflare Runtime,Medium,Backend,,,FALSE,
66f300bd3971ea5fc6a94634,WEB3,"v8, cf runtime",Node.js/Bun/Cloudflare Runtime,Hard,Backend,,,FALSE,
66f300bd3971ea5fc6a94635,WEB3,"stream, worker threads, cluster module",Node.js/Bun/Cloudflare Runtime,Hard,Backend,,,FALSE,
66f300bd3971ea5fc6a94636,WEB3,What are HTTP Servers,HTTP Servers,Simple,Backend,,,FALSE,
66f300bd3971ea5fc6a94637,WEB3,"Methods, routes, URLs, IPs and domains",HTTP Servers,Medium,Backend,,,FALSE,
66f300bd3971ea5fc6a94638,WEB3,"headers, body, query parameters",HTTP Servers,Medium,Backend,,,FALSE,
66f300bd3971ea5fc6a94639,WEB3,"Intro to express, creating routes",HTTP Servers,Medium,Backend,,,FALSE,
66f300bd3971ea5fc6a9463a,WEB3,Middlewares in express,HTTP Servers,Medium,Backend,,,FALSE,
66f300bd3971ea5fc6a9463b,WEB3,File system like DBs,HTTP Servers,Hard,Backend,,,FALSE,
66f300bd3971ea5fc6a9463c,WEB3,"Authentication using jwts, basics of jwts",HTTP Servers,Hard,Backend,,,FALSE,
66f300bd3971ea5fc6a9463d,WEB3,Secret management using Doppler,HTTP Servers,Hard,Backend,,,FALSE,
66f300bd3971ea5fc6a9463e,WEB3,Intro to Databases,NoSQL Databases,Easy,Databases,,,FALSE,
66f300bd3971ea5fc6a9463f,WEB3,SQL vs NoSQL,NoSQL Databases,Medium,Databases,,,FALSE,
66f300bd3971ea5fc6a94640,WEB3,"MongoDB Intro, getting your first DB",NoSQL Databases,Medium,Databases,,,FALSE,
66f300bd3971ea5fc6a94641,WEB3,"mongoose, Schemas etc. Simple CRUD",NoSQL Databases,Medium,Databases,,,FALSE,
66f300bd3971ea5fc6a94642,WEB3,Relationships intro,NoSQL Databases,Hard,Databases,,,FALSE,
66f300bd3971ea5fc6a94643,WEB3,Relationships in Mongo,NoSQL Databases,Hard,Databases,,,FALSE,
66f300bd3971ea5fc6a94644,WEB3,Aggregations in mongo,NoSQL Databases,Hard,Databases,,,FALSE,
66f300bd3971ea5fc6a94645,WEB3,Recap SQL vs NoSQL,SQL Databases,Easy,Databases,,,FALSE,
66f300bd3971ea5fc6a94646,WEB3,"Postgres intro, getting your free",SQL Databases,Easy,Databases,,,FALSE,
66f300bd3971ea5fc6a94647,WEB3,"Creating schemas while dealing with SQL databases, CREATE TABLE",SQL Databases,Medium,Databases,,,FALSE,
66f300bd3971ea5fc6a94648,WEB3,SQL queries (CRUD),SQL Databases,Medium,Databases,,,FALSE,
66f300bd3971ea5fc6a94649,WEB3,Indexes,SQL Databases,Medium,Databases,,,FALSE,
66f300bd3971ea5fc6a9464a,WEB3,Transactions and Concurrency Control,SQL Databases,Hard,Databases,,,FALSE,
66f300bd3971ea5fc6a9464b,WEB3,Normalization,SQL Databases,Hard,Databases,,,FALSE,
66f300bd3971ea5fc6a9464c,WEB3,"Sub queries, batch queries",SQL Databases,Hard,Databases,,,FALSE,
66f300bd3971ea5fc6a9464d,WEB3,Intro to ORMs,ORMs,Easy,ORMs,,,FALSE,
66f300bd3971ea5fc6a9464e,WEB3,"Prisma basics, setup, schema generation and CRUD queries",ORMs,Medium,ORMs,,,FALSE,
66f300bd3971ea5fc6a9464f,WEB3,Transactions and relationships in prisma**,ORMs,Medium,ORMs,,,FALSE,
66f300bd3971ea5fc6a94650,WEB3,"Drizzle basics, setup, schema",ORMs,Medium,ORMs,,,FALSE,
66f300bd3971ea5fc6a94651,WEB3,Txns and relationships in drizzle,ORMs,Hard,ORMs,,,FALSE,
66f300bd3971ea5fc6a94652,WEB3,"Revise DOM, foundation of React, why frontend frameworks",React,Easy,Frontend,,,FALSE,
66f300bd3971ea5fc6a94653,WEB3,Components in react,React,Medium,Frontend,,,FALSE,
66f300bd3971ea5fc6a94654,WEB3,"useState, useEffect",React,Medium,Frontend,,,FALSE,
66f300bd3971ea5fc6a94655,WEB3,Routing in react,React,Medium,Frontend,,,FALSE,
66f300bd3971ea5fc6a94656,WEB3,Connecting FE to BE,React,Hard,Frontend,,,FALSE,
66f300bd3971ea5fc6a94657,WEB3,"useRef, useMemo, useCallback",React,Hard,Frontend,,,FALSE,
66f300bd3971ea5fc6a94658,WEB3,Custom hooks,React,Hard,Frontend,,,FALSE,
66f300bd3971ea5fc6a94659,WEB3,Context API,React,Hard,Frontend,,,FALSE,
66f300bd3971ea5fc6a9465a,WEB3,Intro to state management,React,Medium,Frontend,,,FALSE,
66f300bd3971ea5fc6a9465b,WEB3,"Intro to recoil, atoms and selectors",React,Medium,Frontend,,,FALSE,
66f300bd3971ea5fc6a9465c,WEB3,"atomFamily, selectorFamily",React,Hard,Frontend,,,FALSE,
66f300bd3971ea5fc6a9465d,WEB3,Material UI,Styling React apps,Easy,Frontend,,,FALSE,
66f300bd3971ea5fc6a9465e,WEB3,Tailwind,Styling React apps,Medium,Frontend,,,FALSE,
66f300bd3971ea5fc6a9465f,WEB3,Shadcn,Styling React apps,Hard,Frontend,,,FALSE,
66f300bd3971ea5fc6a94660,WEB3,"TS vs JS, why TS?",Typescript,Easy,Frontend,,,FALSE,
66f300bd3971ea5fc6a94661,WEB3,Types in TS,Typescript,Medium,Frontend,,,FALSE,
66f300bd3971ea5fc6a94662,WEB3,Interfaces in TS,Typescript,Medium,Frontend,,,FALSE,
66f300bd3971ea5fc6a94663,WEB3,"Advance TS APIs (Partial, Exclude …)",Typescript,Hard,Frontend,,,FALSE,
66f300bd3971ea5fc6a94664,WEB3,Pure frontend - Gmail clone,Project,Hard,Project,,,FALSE,
66f300bd3971ea5fc6a94665,WEB3,Full stack - Excelidraw,Project,Hard,Project,,,FALSE,
66f300bd3971ea5fc6a94666,WEB3,"Why NextJS, SSR vs CSR",NextJS,Easy,Framework,,,FALSE,
66f300bd3971ea5fc6a94667,WEB3,File based routing,NextJS,Medium,Framework,,,FALSE,
66f300bd3971ea5fc6a94668,WEB3,Middlewares,NextJS,Medium,Framework,,,FALSE,
66f300bd3971ea5fc6a94669,WEB3,"SSG, ISR",NextJS,Medium,Framework,,,FALSE,
66f300bd3971ea5fc6a9466a,WEB3,"Tailwind, Shadcn integration",NextJS,Medium,Framework,,,FALSE,
66f300bd3971ea5fc6a9466b,WEB3,API routes,NextJS,Medium,Framework,,,FALSE,
66f300bd3971ea5fc6a9466c,WEB3,Data fetching,NextJS,Medium,Framework,,,FALSE,
66f300bd3971ea5fc6a9466d,WEB3,"NextAuth, Cookie based auth",NextJS,Hard,Framework,,,FALSE,
66f300bd3971ea5fc6a9466e,WEB3,Internationalization,NextJS,Hard,Framework,,,FALSE,
66f300bd3971ea5fc6a9466f,WEB3,What is linting,"Monorepos, Turborepo, lints",Easy,DevOps,,,FALSE,
66f300bd3971ea5fc6a94670,WEB3,"Prettier, eslint","Monorepos, Turborepo, lints",Medium,DevOps,,,FALSE,
66f300bd3971ea5fc6a94671,WEB3,Pre commit hooks/husky,"Monorepos, Turborepo, lints",Medium,DevOps,,,FALSE,
66f300bd3971ea5fc6a94672,WEB3,Lints in CI,"Monorepos, Turborepo, lints",Hard,DevOps,,,FALSE,
66f300bd3971ea5fc6a94673,WEB3,What is a monorepo,"Monorepos, Turborepo, lints",Easy,DevOps,,,FALSE,
66f300bd3971ea5fc6a94674,WEB3,Basic yarn workspaces monorepo,"Monorepos, Turborepo, lints",Medium,DevOps,,,FALSE,
66f300bd3971ea5fc6a94675,WEB3,What is turborepo,"Monorepos, Turborepo, lints",Medium,DevOps,,,FALSE,
66f300bd3971ea5fc6a94676,WEB3,Turborepo,"Monorepos, Turborepo, lints",Hard,DevOps,,,FALSE,
66f300bd3971ea5fc6a94677,WEB3,One way vs two way comm,"Websockets, RTC",Easy,DevOps,,,FALSE,
66f300bd3971ea5fc6a94678,WEB3,"What are ws, how are they different from HTTP","Websockets, RTC",Medium,DevOps,,,FALSE,
66f300bd3971ea5fc6a94679,WEB3,Creating a websocket server,"Websockets, RTC",Medium,DevOps,,,FALSE,
66f300bd3971ea5fc6a9467a,WEB3,Client side logic to connect to a ws server,"Websockets, RTC",Medium,DevOps,,,FALSE,
66f300bd3971ea5fc6a9467b,WEB3,"UDP vs TCP communication, webrtc","Websockets, RTC",Hard,DevOps,,,FALSE,
66f300bd3971ea5fc6a9467c,WEB3,SFUs and Mediasoup,"Websockets, RTC",Hard,DevOps,,,FALSE,
66f300bd3971ea5fc6a9467d,WEB3,Build a chat app (simple),Project,Hard,Project,,,FALSE,
66f300bd3971ea5fc6a9467e,WEB3,Build a chess app/other real time game,Project,Hard,Project,,,FALSE,
66f300bd3971ea5fc6a9467f,WEB3,Why testing?,Testing,Easy,Testing,,,FALSE,
66f300bd3971ea5fc6a94680,WEB3,Unit tests,Testing,Medium,Testing,,,FALSE,
66f300bd3971ea5fc6a94681,WEB3,Integration tests,Testing,Medium,Testing,,,FALSE,
66f300bd3971ea5fc6a94682,WEB3,End to end tests,Testing,Hard,Testing,,,FALSE,
66f300bd3971ea5fc6a94683,WEB3,Advance BE communication,Advance Backend,Easy,Backend,,,FALSE,
66f300bd3971ea5fc6a94684,WEB3,Queues (Redis),Advance Backend,Medium,Backend,,,FALSE,
66f300bd3971ea5fc6a94685,WEB3,Pub/Subs (Redis/Kafka/RabbitMQ),Advance Backend,Medium,Backend,,,FALSE,
66f300bd3971ea5fc6a94686,WEB3,"Scaling ws, http servers",Advance Backend,Medium,Backend,,,FALSE,
66f300bd3971ea5fc6a94687,WEB3,Node.js vs Golang vs Rust for performance,Advance Backend,Hard,Backend,,,FALSE,
66f300bd3971ea5fc6a94688,WEB3,ZOD,More Topics,Easy,More Topics,,,FALSE,
66f300bd3971ea5fc6a94689,WEB3,Serverless BE,More Topics,Medium,More Topics,,,FALSE,
66f300bd3971ea5fc6a9468a,WEB3,OpenAPI spec,More Topics,Medium,More Topics,,,FALSE,
66f300bd3971ea5fc6a9468b,WEB3,Autogenerated clients,More Topics,Medium,More Topics,,,FALSE,
66f300bd3971ea5fc6a9468c,WEB3,Rate Limiting,More Topics,Medium,More Topics,,,FALSE,
66f300bd3971ea5fc6a9468d,WEB3,Captcha,More Topics,Medium,More Topics,,,FALSE,
66f300bd3971ea5fc6a9468e,WEB3,DDoS protection,More Topics,Medium,More Topics,,,FALSE,
66f300bd3971ea5fc6a9468f,WEB3,"Sharding, replication, resiliency",More Topics,Hard,More Topics,,,FALSE,
66f300bd3971ea5fc6a94690,WEB3,gRPC,More Topics,Hard,More Topics,,,FALSE,
66f300bd3971ea5fc6a94691,WEB3,Load Balancers,More Topics,Hard,More Topics,,,FALSE,
66f300bd3971ea5fc6a94692,WEB3,CAP theorem,More Topics,Hard,More Topics,,,FALSE,
66f300bd3971ea5fc6a94693,WEB3,Building Codeforces/Leetcode,Project,Hard,Project,,,FALSE,
66f300bd3971ea5fc6a94694,WEB3,Scale your realtime app,Project,Hard,Project,,,FALSE,
66f300bd3971ea5fc6a94695,WEB3,Firebase,Good Auxiliary Stacks,Easy,Auxiliary Stacks,,,FALSE,
66f300bd3971ea5fc6a94696,WEB3,Strapi,Good Auxiliary Stacks,Medium,Auxiliary Stacks,,,FALSE,
66f300bd3971ea5fc6a94697,WEB3,Linux / Bash scripting,DevOps,,DevOps,,,FALSE,
66f300bd3971ea5fc6a94698,WEB3,Basic bash commands,DevOps,Easy,DevOps,,,FALSE,
66f300bd3971ea5fc6a94699,WEB3,"Aliases, .bashrc/.zshrc",DevOps,Easy,DevOps,,,FALSE,
66f300bd3971ea5fc6a9469a,WEB3,Interactive vs non-interactive shells,DevOps,Medium,DevOps,,,FALSE,
66f300bd3971ea5fc6a9469b,WEB3,Process Management,DevOps,Medium,DevOps,,,FALSE,
66f300bd3971ea5fc6a9469c,WEB3,Cron jobs,DevOps,Medium,DevOps,,,FALSE,
66f300bd3971ea5fc6a9469d,WEB3,"File transfer - ftp, scp",DevOps,Medium,DevOps,,,FALSE,
66f300bd3971ea5fc6a9469e,WEB3,File permissions,DevOps,Medium,DevOps,,,FALSE,
66f300bd3971ea5fc6a9469f,WEB3,"Creating your own bash script - variables, loops, conditionals, functions",DevOps,Hard,DevOps,,,FALSE,
66f300bd3971ea5fc6a946a0,WEB3,Args in bash scripts,DevOps,Hard,DevOps,,,FALSE,
66f300bd3971ea5fc6a946a1,WEB3,"Stderr, stdout, File descriptors, piping",DevOps,Hard,DevOps,,,FALSE,
66f300bd3971ea5fc6a946a2,WEB3,Grep,DevOps,Hard,DevOps,,,FALSE,
66f300bd3971ea5fc6a946a3,WEB3,Creating a CLI in Node.js,DevOps,Hard,DevOps,,,FALSE,
66f300bd3971ea5fc6a946a4,WEB3,Projects: Create a script to ssh into a VM and pull the latest code and restart it,DevOps,Hard,DevOps,,,FALSE,
66f300bd3971ea5fc6a946a5,WEB3,Projects: Do the same using ssh2,DevOps,Hard,DevOps,,,FALSE,
66f300bd3971ea5fc6a946a6,WEB3,VMs/EC2/GCP VMs,DevOps,,DevOps,,,FALSE,
66f300bd3971ea5fc6a946a7,WEB3,What are VMs?,DevOps,Easy,DevOps,,,FALSE,
66f300bd3971ea5fc6a946a8,WEB3,"Creating a VM in various cloud providers, Specs, pricing",DevOps,Easy,DevOps,,,FALSE,
66f300bd3971ea5fc6a946a9,WEB3,GUI vs CLI for creating VMs,DevOps,Medium,DevOps,,,FALSE,
66f300bd3971ea5fc6a946aa,WEB3,Keypairs and ssh’ing into VMs,DevOps,Medium,DevOps,,,FALSE,
66f300bd3971ea5fc6a946ab,WEB3,Deploying a non-containerized app to a VM,DevOps,Medium,DevOps,,,FALSE,
66f300bd3971ea5fc6a946ac,WEB3,Process management,DevOps,Medium,DevOps,,,FALSE,
66f300bd3971ea5fc6a946ad,WEB3,Reverse proxies,DevOps,Medium,DevOps,,,FALSE,
66f300bd3971ea5fc6a946ae,WEB3,Certificate management,DevOps,Medium,DevOps,,,FALSE,
66f300bd3971ea5fc6a946af,WEB3,Load balancers,DevOps,Hard,DevOps,,,FALSE,
66f300bd3971ea5fc6a946b0,WEB3,ASGs/MIG,DevOps,,DevOps,,,FALSE,
66f300bd3971ea5fc6a946b1,WEB3,"What is autoscaling, why do you need it?",DevOps,Easy,DevOps,,,FALSE,
66f300bd3971ea5fc6a946b2,WEB3,"Images, Target groups, ASGs, LBs, Autoscaling policies",DevOps,Medium,DevOps,,,FALSE,
66f300bd3971ea5fc6a946b3,WEB3,MIG Internals,DevOps,Hard,DevOps,,,FALSE,
66f300bd3971ea5fc6a946b4,WEB3,Containerization,DevOps,,DevOps,,,FALSE,
66f300bd3971ea5fc6a946b5,WEB3,What is a container,DevOps,Easy,DevOps,,,FALSE,
66f300bd3971ea5fc6a946b6,WEB3,What is Docker,DevOps,Easy,DevOps,,,FALSE,
66f300bd3971ea5fc6a946b7,WEB3,Docker vs other container runtimes,DevOps,Medium,DevOps,,,FALSE,
66f300bd3971ea5fc6a946b8,WEB3,"How to dockerize your app, WORKDIR, CMD, RUN, ENV, COPY, ARG",DevOps,Medium,DevOps,,,FALSE,
66f300bd3971ea5fc6a946b9,WEB3,Volumes and networks,DevOps,Medium,DevOps,,,FALSE,
66f300bd3971ea5fc6a946ba,WEB3,"Publishing to DockerHub, other registries",DevOps,Medium,DevOps,,,FALSE,
66f300bd3971ea5fc6a946bb,WEB3,"Running a Docker container in a VM, exposing it over the internet",DevOps,Medium,DevOps,,,FALSE,
66f300bd3971ea5fc6a946bc,WEB3,Multi-stage builds,DevOps,Hard,DevOps,,,FALSE,
66f300bd3971ea5fc6a946bd,WEB3,Docker-compose,DevOps,Medium,DevOps,,,FALSE,
66f300bd3971ea5fc6a946be,WEB3,ECS (Warming up for k8s),DevOps,,DevOps,,,FALSE,
66f300bd3971ea5fc6a946bf,WEB3,"What is ECS, common use cases",DevOps,Easy,DevOps,,,FALSE,
66f300bd3971ea5fc6a946c0,WEB3,ECR vs DockerHub,DevOps,Medium,DevOps,,,FALSE,
66f300bd3971ea5fc6a946c1,WEB3,Setting up Task definitions,DevOps,Medium,DevOps,,,FALSE,
66f300bd3971ea5fc6a946c2,WEB3,"Serverless vs EC2 instances for deploying, pros and cons of either",DevOps,Medium,DevOps,,,FALSE,
66f300bd3971ea5fc6a946c3,WEB3,Autoscaling policies,DevOps,Medium,DevOps,,,FALSE,
66f300bd3971ea5fc6a946c4,WEB3,Kubernetes,DevOps,,DevOps,,,FALSE,
66f300bd3971ea5fc6a946c5,WEB3,"Introduction to Kubernetes, clusters, nodes, pods, worker node vs control plane",DevOps,Easy,DevOps,,,FALSE,
66f300bd3971ea5fc6a946c6,WEB3,Kubernetes architecture,DevOps,Medium,DevOps,,,FALSE,
66f300bd3971ea5fc6a946c7,WEB3,Local deployment using kind/minikube,DevOps,Medium,DevOps,,,FALSE,
66f300bd3971ea5fc6a946c8,WEB3,"Replicasets, Deployments",DevOps,Medium,DevOps,,,FALSE,
66f300bd3971ea5fc6a946c9,WEB3,"Networking Concepts - Services, Types of services",DevOps,Medium,DevOps,,,FALSE,
66f300bd3971ea5fc6a946ca,WEB3,"Ingress, Ingress controllers",DevOps,Hard,DevOps,,,FALSE,
66f300bd3971ea5fc6a946cb,WEB3,Certificate management,DevOps,Hard,DevOps,,,FALSE,
66f300bd3971ea5fc6a946cc,WEB3,"Storage, PVs, PVCs, StorageClasses, Static vs dynamic provisioning",DevOps,Hard,DevOps,,,FALSE,
66f300bd3971ea5fc6a946cd,WEB3,"StatefulSets, DaemonSets, Jobs and CronJobs",DevOps,Hard,DevOps,,,FALSE,
66f300bd3971ea5fc6a946ce,WEB3,ConfigMaps and Secrets,DevOps,Medium,DevOps,,,FALSE,
66f300bd3971ea5fc6a946cf,WEB3,"Kubernetes Policies, Role-Based Access Control, CRDs",DevOps,Hard,DevOps,,,FALSE,
66f300bd3971ea5fc6a946d0,WEB3,"HPAs, VPA, Cluster autoscaler",DevOps,Hard,DevOps,,,FALSE,
66f300bd3971ea5fc6a946d1,WEB3,"EKS, eksctl, eks best practices",DevOps,Hard,DevOps,,,FALSE,
66f300bd3971ea5fc6a946d2,WEB3,"Extra - k9s, kubectx",DevOps,Medium,DevOps,,,FALSE,
66f300bd3971ea5fc6a946d3,WEB3,"IaC, Terraform",DevOps,,DevOps,,,FALSE,
66f300bd3971ea5fc6a946d4,WEB3,What is IaC,DevOps,Easy,DevOps,,,FALSE,
66f300bd3971ea5fc6a946d5,WEB3,"IaC using bash scripts, aws cli/eksctl",DevOps,Medium,DevOps,,,FALSE,
66f300bd3971ea5fc6a946d6,WEB3,"Various IaC tools, Ansible vs Terraform",DevOps,Medium,DevOps,,,FALSE,
66f300bd3971ea5fc6a946d7,WEB3,"Installing tf, What is a resource, HCL syntax, Providers",DevOps,Medium,DevOps,,,FALSE,
66f300bd3971ea5fc6a946d8,WEB3,"Running Terraform Commands (init, plan, apply, destroy)",DevOps,Medium,DevOps,,,FALSE,
66f300bd3971ea5fc6a946d9,WEB3,"Managing state, variables, counts",DevOps,Hard,DevOps,,,FALSE,
66f300bd3971ea5fc6a946da,WEB3,Terraform with AWS,DevOps,Hard,DevOps,,,FALSE,
66f300bd3971ea5fc6a946db,WEB3,Remote state on S3,DevOps,Hard,DevOps,,,FALSE,
66f300bd3971ea5fc6a946dc,WEB3,Monitoring,DevOps,,DevOps,,,FALSE,
66f300bd3971ea5fc6a946dd,WEB3,"Introduction to monitoring, why do you need to monitor your systems",DevOps,Easy,DevOps,,,FALSE,
66f300bd3971ea5fc6a946de,WEB3,"Datadog vs NewRelic vs Sentry, Logging vs process observability vs Infrastructure observability, p95, p99",DevOps,Medium,DevOps,,,FALSE,
66f300bd3971ea5fc6a946df,WEB3,"Self-hosted monitoring using Prometheus, metrics, counters, gauges, histograms, PromQL, Graphs in Prom",DevOps,Medium,DevOps,,,FALSE,
66f300bd3971ea5fc6a946e0,WEB3,"Pulling vs pushing metrics, Push gateway",DevOps,Medium,DevOps,,,FALSE,
66f300bd3971ea5fc6a946e1,WEB3,"Grafana for charting, observability",DevOps,Medium,DevOps,,,FALSE,
66f300bd3971ea5fc6a946e2,WEB3,Prometheus and Grafana service discovery in a Kubernetes cluster,DevOps,Hard,DevOps,,,FALSE,
66f300bd3971ea5fc6a946e3,WEB3,Package managers (Helm),DevOps,,DevOps,,,FALSE,
66f300bd3971ea5fc6a946e4,WEB3,"Why package managers, what is Helm?",DevOps,Easy,DevOps,,,FALSE,
66f300bd3971ea5fc6a946e5,WEB3,"Installing Helm CLI, values and templates",DevOps,Medium,DevOps,,,FALSE,
66f300bd3971ea5fc6a946e6,WEB3,"Helm charts, Dependency management",DevOps,Medium,DevOps,,,FALSE,
66f300bd3971ea5fc6a946e7,WEB3,"Helm hubs, repos, custom values",DevOps,Medium,DevOps,,,FALSE,
66f300bd3971ea5fc6a946e8,WEB3,Release management in Helm 2.0 and 3.0,DevOps,Hard,DevOps,,,FALSE,
66f300bd3971ea5fc6a946e9,WEB3,"Templates, Go templating logic, functions, pipelines, with blocks, creating and uploading charts",DevOps,Hard,DevOps,,,FALSE,
66f300bd3971ea5fc6a946ea,WEB3,Exploring other package managers (Glasskube),DevOps,Hard,DevOps,,,FALSE,
66f300bd3971ea5fc6a946eb,WEB3,CI/CD in GitHub,DevOps,,DevOps,,,FALSE,
66f300bd3971ea5fc6a946ec,WEB3,What is CI/CD?,DevOps,Easy,DevOps,,,FALSE,
66f300bd3971ea5fc6a946ed,WEB3,"GitHub CI/CD YAML format, GitHub Actions",DevOps,Medium,DevOps,,,FALSE,
66f300bd3971ea5fc6a946ee,WEB3,Using CI/CD to deploy to a VM,DevOps,Medium,DevOps,,,FALSE,
66f300bd3971ea5fc6a946ef,WEB3,Using CI/CD to provision infrastructure using IaC,DevOps,Medium,DevOps,,,FALSE,
66f300bd3971ea5fc6a946f0,WEB3,Using CI/CD to deploy to a Kubernetes cluster,DevOps,Hard,DevOps,,,FALSE,
66f300bd3971ea5fc6a946f1,WEB3,GitOps,DevOps,,DevOps,,,FALSE,
66f300bd3971ea5fc6a946f2,WEB3,What is GitOps? Why GitOps?,DevOps,Easy,DevOps,,,FALSE,
66f300bd3971ea5fc6a946f3,WEB3,Creating AWS resources using GitOps,DevOps,Medium,DevOps,,,FALSE,
66f300bd3971ea5fc6a946f4,WEB3,Creating/Updating Kubernetes clusters,DevOps,Medium,DevOps,,,FALSE,
66f300bd3971ea5fc6a946f5,WEB3,GitOps using ArgoCD,DevOps,Hard,DevOps,,,FALSE,
66f300bd3971ea5fc6a946f6,WEB3,GitOps in a multi-cluster environment using ArgoCD,DevOps,Hard,DevOps,,,FALSE,
66f300bd3971ea5fc6a946f7,WEB3,CDNs and Object Stores,DevOps,,DevOps,,,FALSE,
66f300bd3971ea5fc6a946f8,WEB3,"What are object stores, Why object stores?",DevOps,Easy,DevOps,,,FALSE,
66f300bd3971ea5fc6a946f9,WEB3,Intro to CDNs,DevOps,Medium,DevOps,,,FALSE,
66f300bd3971ea5fc6a946fa,WEB3,"S3, R2 for assets",DevOps,Medium,DevOps,,,FALSE,
66f300bd3971ea5fc6a946fb,WEB3,CloudFront as a CDN,DevOps,Medium,DevOps,,,FALSE,
66f300bd3971ea5fc6a946fc,WEB3,"Attaching a custom domain to your CDN, certificate management",DevOps,Hard,DevOps,,,FALSE,
66f300bd3971ea5fc6a946fd,WEB3,Projects,DevOps,,DevOps,,,FALSE,
66f300bd3971ea5fc6a946fe,WEB3,Create a script that ssh's into a VM and pull the latest code and restarts it,DevOps,Medium,DevOps,,,FALSE,
66f300bd3971ea5fc6a946ff,WEB3,Do the same using ssh2,DevOps,Medium,DevOps,,,FALSE,
66f300bd3971ea5fc6a94700,WEB3,Building a serverless provider (AWS Lambda) / http://repl.it/,DevOps,Hard,DevOps,,,FALSE,
66f300bd3971ea5fc6a94701,WEB3,Building a distributed video transcoder / image resizer,DevOps,Hard,DevOps,,,FALSE,
66f300bd3971ea5fc6a94702,WEB3,Building an alerts manager (better stack) and status page provider,DevOps,Hard,DevOps,,,FALSE,
66f300bd3971ea5fc6a94703,WEB3,"Intro to blockchains, decentralization, BTC, ETH, and SOL",General,Easy,Web3,,,FALSE,
66f300bd3971ea5fc6a94704,WEB3,"Basic cryptography, hashing, encryption, sha256, keccak256",General,Medium,Web3,,,FALSE,
66f300bd3971ea5fc6a94705,WEB3,"Gas, txns, public and private keys, edd25119, pneumonics",General,Medium,Web3,,,FALSE,
66f300bd3971ea5fc6a94706,WEB3,"RPCs, common RPC methods on SOL and ETH",General,Medium,Web3,,,FALSE,
66f300bd3971ea5fc6a94707,WEB3,"Gas, Native tokens, Transactions, Programs, Instructions, Airdropping, Block explorers, Creating wallets, pvt keys",General,Hard,Web3,,,FALSE,
66f300bd3971ea5fc6a94708,WEB3,"What is ETH, proof of stake",Eth,Easy,Web3,,,FALSE,
66f300bd3971ea5fc6a94709,WEB3,Wallet adapters in ETH,Eth,Medium,Web3,,,FALSE,
66f300bd3971ea5fc6a9470a,WEB3,"ETH on the server, etherjs",Eth,Medium,Web3,,,FALSE,
66f300bd3971ea5fc6a9470b,WEB3,ETH with React and Next.js,Eth,Medium,Web3,,,FALSE,
66f300bd3971ea5fc6a9470c,WEB3,"EVM Architecture, State, Bytecode, Opcodes, ABIs, transaction processing and gas, EOAs vs Contract accounts",Eth,Hard,Web3,,,FALSE,
66f300bd3971ea5fc6a9470d,WEB3,"Creating a token, atas, attaching metadata",Solana,Medium,Web3,,,FALSE,
66f300bd3971ea5fc6a9470e,WEB3,"Create NFTs, attaching metadata, metaplex",Solana,Medium,Web3,,,FALSE,
66f300bd3971ea5fc6a9470f,WEB3,"Creating a swap pool, funding it",Solana,Hard,Web3,,,FALSE,
66f300bd3971ea5fc6a94710,WEB3,Wallet adapters on Solana,Solana,Medium,Web3,,,FALSE,
66f300bd3971ea5fc6a94711,WEB3,"Solana on the backend, @solana/web3.js",Solana,Medium,Web3,,,FALSE,
66f300bd3971ea5fc6a94712,WEB3,Solana with Next.js,Solana,Medium,Web3,,,FALSE,
66f300bd3971ea5fc6a94713,WEB3,"Create a client-side wallet in JS, supporting transfers, txns, and swaps",Projects,Hard,Web3 Projects,,,FALSE,
66f300bd3971ea5fc6a94714,WEB3,Create a token launch and transfer program on Solana,Projects,Hard,Web3 Projects,,,FALSE,
66f300bd3971ea5fc6a94715,WEB3,Create a cloud wallet in Node.js,Projects,Hard,Web3 Projects,,,FALSE,
66f300bd3971ea5fc6a94716,WEB3,Creating BonkBot on SOL,Projects,Hard,Web3 Projects,,,FALSE,
66f300bd3971ea5fc6a94717,WEB3,"What is Solidity, what are contracts?",Solidity Basics (Remix),Easy,Web3 Contracts,,,FALSE,
66f300bd3971ea5fc6a94718,WEB3,"Solidity builds, ABIs, binaries and EVM",Solidity Basics (Remix),Medium,Web3 Contracts,,,FALSE,
66f300bd3971ea5fc6a94719,WEB3,"Storing state, variables, types, visibility (public, private), loops",Solidity Basics (Remix),Medium,Web3 Contracts,,,FALSE,
66f300bd3971ea5fc6a9471a,WEB3,"Arrays, structs, mappings",Solidity Basics (Remix),Medium,Web3 Contracts,,,FALSE,
66f300bd3971ea5fc6a9471b,WEB3,"Require, modifiers, Ownable contract",Solidity Basics (Remix),Medium,Web3 Contracts,,,FALSE,
66f300bd3971ea5fc6a9471c,WEB3,Inheritance,Solidity Basics (Remix),Medium,Web3 Contracts,,,FALSE,
66f300bd3971ea5fc6a9471d,WEB3,Events,Solidity Basics (Remix),Medium,Web3 Contracts,,,FALSE,
66f300bd3971ea5fc6a9471e,WEB3,Interfaces and CPIs,Solidity Basics (Remix),Hard,Web3 Contracts,,,FALSE,
66f300bd3971ea5fc6a9471f,WEB3,Gas optimizations,Solidity Basics (Remix),Hard,Web3 Contracts,,,FALSE,
66f300bd3971ea5fc6a94720,WEB3,Native payment support,Solidity Basics (Remix),Hard,Web3 Contracts,,,FALSE,
66f300bd3971ea5fc6a94721,WEB3,"ABIs, bytecode",Solidity Basics (Remix),Hard,Web3 Contracts,,,FALSE,
66f300bd3971ea5fc6a94722,WEB3,"Sepolia test network, airdrop yourself some tokens, contract deployment",Solidity Basics (Remix),Hard,Web3 Contracts,,,FALSE,
66f300bd3971ea5fc6a94723,WEB3,"Intro to Ganache, Truffle, Foundry",Solidity Advanced,Easy,Web3 Contracts,,,FALSE,
66f300bd3971ea5fc6a94724,WEB3,"Writing contracts in Foundry, setting up, testing a project locally",Solidity Advanced,Medium,Web3 Contracts,,,FALSE,
66f300bd3971ea5fc6a94725,WEB3,"Testing contract locally, deploying using Foundry",Solidity Advanced,Medium,Web3 Contracts,,,FALSE,
66f300bd3971ea5fc6a94726,WEB3,Gas optimizations,Solidity Advanced,Medium,Web3 Contracts,,,FALSE,
66f300bd3971ea5fc6a94727,WEB3,Proxy contracts,Solidity Advanced,Hard,Web3 Contracts,,,FALSE,
66f300bd3971ea5fc6a94728,WEB3,Upgradable contracts,Solidity Advanced,Hard,Web3 Contracts,,,FALSE,
66f300bd3971ea5fc6a94729,WEB3,"ERC20, ERC721",Writing Contracts in Solidity,Easy,Web3 Contracts,,,FALSE,
66f300bd3971ea5fc6a9472a,WEB3,Proxy contracts,Writing Contracts in Solidity,Medium,Web3 Contracts,,,FALSE,
66f300bd3971ea5fc6a9472b,WEB3,Marketplace contract,Writing Contracts in Solidity,Medium,Web3 Contracts,,,FALSE,
66f300bd3971ea5fc6a9472c,WEB3,"DEX, AMM, and liquidity pools, constant product algorithm",Writing Contracts in Solidity,Hard,Web3 Contracts,,,FALSE,
66f300bd3971ea5fc6a9472d,WEB3,Exploring OpenZeppelin contracts,Writing Contracts in Solidity,Medium,Web3 Contracts,,,FALSE,
66f300bd3971ea5fc6a9472e,WEB3,Staking in lieu of tokens,Writing Contracts in Solidity,Medium,Web3 Contracts,,,FALSE,
66f300bd3971ea5fc6a9472f,WEB3,"Installing Rust, IDE Setup",Rust Basics,Easy,Web3 Contracts,,,FALSE,
66f300bd3971ea5fc6a94730,WEB3,"Variables, data types, loops, functions, structs",Rust Basics,Medium,Web3 Contracts,,,FALSE,
66f300bd3971ea5fc6a94731,WEB3,"Enums, pattern matching, package management (packages, crates, modules)",Rust Basics,Medium,Web3 Contracts,,,FALSE,
66f300bd3971ea5fc6a94732,WEB3,Mutability,Rust Basics,Medium,Web3 Contracts,,,FALSE,
66f300bd3971ea5fc6a94733,WEB3,Memory management,Rust Basics,Medium,Web3 Contracts,,,FALSE,
66f300bd3971ea5fc6a94734,WEB3,"Ownership, referencing and borrowing",Rust Basics,Hard,Web3 Contracts,,,FALSE,
66f300bd3971ea5fc6a94735,WEB3,"Options, Errors, Error Handling",Rust Basics,Hard,Web3 Contracts,,,FALSE,
66f300bd3971ea5fc6a94736,WEB3,Lifetimes,Rust Advanced,Hard,Web3 Contracts,,,FALSE,
66f300bd3971ea5fc6a94737,WEB3,Traits,Rust Advanced,Hard,Web3 Contracts,,,FALSE,
66f300bd3971ea5fc6a94738,WEB3,Generics,Rust Advanced,Medium,Web3 Contracts,,,FALSE,
66f300bd3971ea5fc6a94739,WEB3,Async/await syntax,Rust Advanced,Medium,Web3 Contracts,,,FALSE,
66f300bd3971ea5fc6a9473a,WEB3,Iterators,Rust Advanced,Medium,Web3 Contracts,,,FALSE,
66f300bd3971ea5fc6a9473b,WEB3,"Multi-threading, concurrency",Rust Advanced,Hard,Web3 Contracts,,,FALSE,
66f300bd3971ea5fc6a9473c,WEB3,Macros,Rust Advanced,Hard,Web3 Contracts,,,FALSE,
66f300bd3971ea5fc6a9473d,WEB3,Programs in Solana,Programs on Solana,Medium,Web3 Contracts,,,FALSE,
66f300bd3971ea5fc6a9473e,WEB3,"Accounts vs programs vs instructions, Owners",Programs on Solana,Medium,Web3 Contracts,,,FALSE,
66f300bd3971ea5fc6a9473f,WEB3,Programs vs. Smart Contracts,Programs on Solana,Hard,Web3 Contracts,,,FALSE,
66f300bd3971ea5fc6a94740,WEB3,"Data model on Solana, PDAs, bump",Programs on Solana,Hard,Web3 Contracts,,,FALSE,
66f300bd3971ea5fc6a94741,WEB3,Writing a simple raw program in Solana,Programs on Solana,Hard,Web3 Contracts,,,FALSE,
66f300bd3971ea5fc6a94742,WEB3,"Token program, ATA, metadata program, Metaplex",Programs on Solana,Hard,Web3 Contracts,,,FALSE,
66f300bd3971ea5fc6a94743,WEB3,Anchor vs raw programs,Programs on Solana,Medium,Web3 Contracts,,,FALSE,
66f300bd3971ea5fc6a94744,WEB3,Web2-like programs,Programs on Solana,Medium,Web3 Contracts,,,FALSE,
66f300bd3971ea5fc6a94745,WEB3,Staking program,Programs on Solana,Hard,Web3 Contracts,,,FALSE,
66f300bd3971ea5fc6a94746,WEB3,Private key management on a server. Shamir secrets,Web2 + Web3,Medium,Security,,,FALSE,
66f300bd3971ea5fc6a94747,WEB3,Indexing blockchains,Web2 + Web3,Hard,Blockchain,,,FALSE,
66f300bd3971ea5fc6a94748,WEB3,"Transaction parsing, Logs and indexed parameters",Web2 + Web3,Hard,Blockchain,,,FALSE,
66f300bd3971ea5fc6a94749,WEB3,"Sweeping wallets, new wallet creation logic",Web2 + Web3,Hard,Blockchain,,,FALSE,
66f300bd3971ea5fc6a9474a,WEB3,Creating a crypto payment gateway (web3 stripe),Projects,-,Project,,,FALSE,
66f300bd3971ea5fc6a9474b,WEB3,Creating a Centralized exchange / Creating a crypto gambling website,Projects,-,Project,,,FALSE,
671fdebdf99d11cf32d2f727,,dumpYourThought,,,,,,TRUE,2024-09-25T17:23:01.671Z
